"record_id","item1","item2","item3","item4","item5","sleep_score","parent_anxiety_total"
"P001",2,4,2,2,3,9.6344879068342,11
"P002",3,4,2,2,2,8.20283052306954,9
"P003",4,4,4,4,2,6.40796134357496,19
"P004",3,NA,2,3,4,6.41342398542433,16
"P005",2,3,3,4,2,8.66109760872728,11
"P006",5,4,5,3,1,6.07420083242494,24
"P007",3,3,2,3,2,6.88234086864972,18
"P008",1,1,2,NA,3,7.85303544194823,7
"P009",2,4,3,2,4,8.38709035524725,13
"P010",3,3,4,3,3,7.59660083508325,15
"P011",4,4,5,5,2,6.3788876822327,23
"P012",4,NA,4,4,3,6.42258618517904,16
"P013",2,4,2,4,3,9.28681803235165,16
"P014",3,3,3,3,3,7.87331475684691,15
"P015",3,2,2,2,3,9.63078621202646,17
"P016",5,5,5,3,1,3.61138719293927,25
"P017",4,3,3,3,2,7.04895169177592,19
"P018",1,1,1,1,5,9.29113486503757,6
"P019",3,3,5,4,1,6.0757179190704,19
"P020",2,1,3,2,3,10.019400561952,14
"P021",2,1,2,3,5,7.65254178621735,8
"P022",2,3,4,3,3,8.53636517506632,9
"P023",2,3,1,2,3,9.87244073388693,13
"P024",2,3,3,3,4,8.90708141770916,7
"P025",4,NA,2,NA,5,7.74978379035374,13
"P026",1,1,2,1,5,10.6278591174666,9
"P027",4,3,4,5,3,7.33280103734631,20
"P028",3,3,4,3,3,6.78312897578144,16
"P029",1,3,3,3,4,7.75008788940989,8
"P030",4,3,4,3,1,8.83290251342322,23
"P031",5,5,4,3,3,6.89503263310475,22
"P032",3,3,2,3,3,6.43949982907423,16
"P033",4,4,3,4,1,7.63813370170863,13
"P034",4,3,5,3,2,7.43209676852785,23
"P035",2,3,4,4,4,5.82458458263991,18
"P036",5,3,2,3,3,5.36840333231796,19
"P037",2,3,2,4,3,7.3297798293038,19
"P038",4,3,3,4,3,9.20130800228614,14
"P039",4,3,3,1,3,8.94208669892207,14
"P040",1,2,3,NA,3,7.88753357685041,17
"P041",3,2,3,1,3,7.86051874733614,14
"P042",3,2,4,3,3,8.47898403477014,17
"P043",1,3,3,2,5,9.42274969878442,17
"P044",4,4,5,5,1,6.46075578135421,25
"P045",3,4,4,4,2,6.39624005140611,20
"P046",1,3,1,2,5,10.0224626364064,5
"P047",1,3,3,3,2,7.57207330796283,21
"P048",3,1,2,3,4,8.13611065350326,12
"P049",5,3,3,2,4,7.96084940538959,25
"P050",2,3,3,2,3,9.07334067509894,16
"P051",4,3,4,4,3,5.80817678455187,21
"P052",4,3,1,4,2,8.13573716236486,15
"P053",3,3,3,3,4,8.65164946902595,16
"P054",4,4,4,5,2,5.18057340249491,21
"P055",3,4,2,4,5,8.70639658553448,14
"P056",4,4,5,2,1,5.65535512517366,21
"P057",2,2,2,2,5,10.5690058163947,12
"P058",3,4,4,3,2,7.95386828246657,17
"P059",4,3,1,3,3,8.645198051151,9
"P060",3,2,5,3,2,7.90477776054306,15
"P061",4,3,3,4,2,8.48400895139787,18
"P062",2,2,3,2,4,9.88283798142384,15
"P063",2,3,3,3,2,10.2994553991251,16
"P064",5,3,3,2,5,8.99018032835802,6
"P065",2,4,3,1,3,6.82274013614317,12
"P066",4,5,3,4,3,7.72799736318973,19
"P067",4,3,4,4,3,7.75735142982055,21
"P068",3,2,2,4,3,7.7916504261251,15
"P069",4,4,5,4,2,7.64602115289734,18
"P070",5,5,5,5,1,6.96059327888712,25
"P071",2,3,4,4,4,7.97304873588871,8
"P072",1,1,1,1,4,10.0150735484847,5
"P073",4,5,4,3,1,7.39210368433808,20
"P074",4,1,3,2,4,8.15897702109326,7
"P075",2,3,3,2,3,8.77927599995559,13
"P076",3,4,4,4,3,5.012721031418,25
"P077",3,3,2,4,4,7.16487328565338,14
"P078",2,2,2,2,4,7.89296223665041,9
"P079",4,4,3,3,2,6.96507282352361,17
"P080",2,3,1,3,3,7.44558683450838,14
"P081",2,2,3,3,3,8.37654095664648,17
"P082",4,4,4,4,3,8.59683260139631,19
"P083",2,3,3,4,2,7.64327650270487,14
"P084",3,3,3,4,3,6.35878446910316,14
"P085",3,3,3,3,2,7.17879770282924,10
"P086",3,3,4,4,2,7.25362930972063,15
"P087",5,4,4,5,2,6.66413191869809,22
"P088",4,5,3,3,2,8.04843604300447,11
"P089",3,2,2,4,4,8.00460674336284,8
"P090",4,4,4,4,1,4.77270311268888,18
"P091",4,5,3,4,1,6.91506186848774,20
"P092",3,4,2,5,3,8.63878985114349,14
"P093",3,4,4,4,3,8.95286953339888,19
"P094",2,2,2,2,3,7.83894285792814,13
"P095",3,5,4,4,2,5.09157100783242,20
"P096",4,2,4,1,3,11.0583200790124,15
"P097",5,5,5,5,1,5.650245064504,25
"P098",4,3,5,5,1,6.36993812370919,20
"P099",2,3,2,3,4,8.65627454779862,15
"P100",1,3,2,2,5,7.41238144368766,13
