"record_id","phq1","phq2","phq3","phq4","phq5","phq6","phq7","phq8","phq9","gad1","gad2","gad3","gad4","gad5","gad6","gad7","phq9_total","sleep_hours"
"P001",0,0,0,0,0,0,0,0,0,0,0,1,0,1,0,0,0,7.3
"P002",1,0,1,0,1,2,0,0,0,0,2,1,0,0,0,1,5,6.8
"P003",2,1,1,2,0,1,1,0,0,1,2,3,3,0,1,1,8,5.8
"P004",0,0,0,0,0,0,0,0,0,0,0,0,0,0,0,0,0,8.5
"P005",1,1,1,2,1,0,1,0,0,0,1,0,1,0,0,1,7,7.5
"P006",1,0,1,1,1,0,1,1,0,2,2,1,2,0,1,1,6,6.8
"P007",1,0,1,0,1,0,0,0,0,0,0,0,0,0,0,0,3,6.4
"P008",1,1,0,0,1,0,0,0,0,0,1,0,0,0,0,1,3,7.1
"P009",0,0,0,0,0,0,0,0,0,1,0,0,0,0,0,0,0,7.7
"P010",0,0,0,0,0,0,0,0,0,0,0,0,0,0,0,1,0,7.1
"P011",0,1,0,0,0,1,0,0,0,0,0,0,1,0,0,0,2,7
"P012",0,0,0,0,0,0,0,0,0,0,0,0,0,0,0,0,0,6.9
"P013",1,0,0,0,0,0,0,0,0,0,0,0,0,0,0,0,1,8.2
"P014",0,0,0,1,0,0,0,0,0,1,1,1,1,1,0,0,1,6.5
"P015",1,1,1,1,0,1,3,0,0,1,1,1,1,1,1,0,8,9.1
"P016",1,1,0,0,0,0,0,0,0,1,1,0,1,0,0,1,2,7.9
"P017",0,0,1,0,1,0,0,1,0,0,0,0,0,2,0,0,3,7.5
"P018",0,1,0,0,0,0,0,0,0,0,1,0,0,1,1,0,1,7.6
"P019",0,0,0,0,0,0,0,0,0,1,1,0,1,1,0,0,0,7
"P020",3,2,3,3,2,3,2,2,1,3,3,2,2,0,2,2,21,6.2
"P021",1,1,0,2,1,0,0,0,0,0,1,0,0,0,0,1,5,7.2
"P022",0,0,0,0,0,0,1,0,0,0,0,0,0,0,1,0,1,6.3
"P023",2,0,0,1,0,1,0,0,0,2,2,1,2,2,1,2,4,5.7
"P024",2,0,1,1,1,1,1,1,0,0,2,2,1,2,1,1,8,7.3
"P025",0,0,0,0,0,0,1,0,0,0,1,2,0,2,2,0,1,NA
"P026",0,0,0,0,0,0,0,0,0,0,0,0,0,0,0,0,0,7.6
"P027",3,2,2,1,0,1,1,1,1,0,1,1,0,0,0,0,12,8.2
"P028",0,0,0,0,0,0,0,0,0,0,0,0,0,0,0,0,0,6.7
"P029",0,1,0,1,1,0,0,0,0,1,0,0,0,1,0,0,3,7.5
"P030",0,0,0,0,0,0,0,0,0,0,1,1,0,0,0,0,0,8.8
"P031",1,2,1,2,3,2,1,1,1,2,3,2,2,1,0,2,14,6.9
"P032",0,1,0,1,1,1,0,0,0,1,1,1,1,1,0,0,4,8.4
"P033",0,0,0,0,0,1,0,0,0,1,0,0,0,0,0,0,1,7
"P034",0,0,0,1,0,0,0,0,0,1,0,0,1,2,0,0,1,7.8
"P035",0,0,0,0,0,0,0,0,0,0,0,0,0,0,0,0,0,8.4
"P036",0,0,1,0,0,0,0,0,0,0,0,0,0,0,0,0,1,8.8
"P037",0,0,0,0,0,0,0,0,0,0,0,0,0,0,0,0,0,10
"P038",0,1,0,0,0,0,0,0,0,0,0,0,0,0,0,0,1,NA
"P039",0,0,0,0,0,0,0,1,0,1,2,1,0,1,1,0,1,8
"P040",0,0,0,0,1,0,0,0,0,1,0,1,0,0,0,0,1,7.2
"P041",2,2,2,2,2,2,0,3,1,0,1,1,1,0,1,3,16,6.3
"P042",0,0,0,1,0,0,0,0,0,2,1,1,2,0,1,0,1,7.1
"P043",0,0,0,0,0,1,0,0,0,0,1,0,0,1,0,0,1,6.5
"P044",1,1,0,0,0,0,0,0,0,0,0,0,0,1,0,1,2,7.4
"P045",0,0,0,0,0,0,0,0,0,0,0,0,0,0,1,0,0,7.6
"P046",0,0,1,0,0,0,0,0,0,1,0,0,0,0,1,0,1,8.2
"P047",0,0,0,0,0,1,0,0,0,2,1,1,2,0,2,2,1,7.3
"P048",0,0,0,0,0,0,0,0,0,1,0,0,0,0,0,1,0,7.1
"P049",0,0,0,1,0,0,1,0,0,0,1,1,0,0,0,0,2,7.3
"P050",0,0,2,1,0,0,0,0,0,1,0,1,1,0,0,2,3,8.8
"P051",0,0,0,0,0,0,0,0,0,0,0,0,0,0,0,0,0,8.5
"P052",1,0,1,0,0,0,0,0,0,0,0,0,0,1,0,0,2,7.7
"P053",0,0,1,0,0,0,0,0,0,1,1,2,0,1,1,0,1,8.3
"P054",0,0,0,0,0,0,0,0,0,0,0,0,0,0,0,0,0,9.2
"P055",0,0,1,1,0,0,0,0,1,1,1,2,0,1,0,1,3,8.5
"P056",1,1,0,2,1,1,0,1,0,3,1,2,2,3,2,2,7,6.4
"P057",3,3,1,1,3,1,2,1,1,2,2,2,1,0,0,2,16,6.4
"P058",0,0,0,0,0,0,0,0,0,0,0,0,0,0,0,0,0,7.5
"P059",2,2,2,3,2,2,1,2,1,1,0,3,0,2,0,1,17,6.4
"P060",0,1,1,0,0,0,0,0,0,1,0,0,0,0,0,0,2,8.2
"P061",2,2,1,1,0,1,0,2,1,1,0,0,0,0,2,1,10,6.6
"P062",2,3,2,2,3,2,3,1,2,1,3,2,2,1,2,1,20,5.1
"P063",0,0,1,0,0,0,0,1,0,1,1,0,2,0,0,2,2,7.1
"P064",0,0,0,0,0,1,0,0,0,0,0,0,0,0,0,0,1,8.6
"P065",1,0,0,1,0,0,0,1,0,0,1,0,0,0,0,1,3,8.5
"P066",1,3,1,3,1,3,2,2,0,1,2,2,2,1,1,3,16,5.9
"P067",0,0,0,0,0,0,0,0,0,1,0,2,0,1,0,1,0,8.1
"P068",1,2,1,2,1,1,1,2,1,2,1,1,1,0,2,0,12,6.4
"P069",2,2,1,3,3,2,0,1,1,2,0,1,1,2,0,0,15,6.5
"P070",1,3,1,0,0,1,2,0,0,2,2,2,2,1,1,2,8,6.3
"P071",0,0,2,0,1,2,0,0,0,2,0,1,1,1,1,2,5,5.8
"P072",1,0,1,0,0,0,0,0,0,0,0,1,0,0,1,0,2,8.8
"P073",1,0,0,0,0,0,0,2,0,1,0,0,0,0,0,0,3,8
"P074",2,1,1,1,0,2,1,1,0,0,0,0,0,0,0,0,9,5.8
"P075",3,2,2,2,2,2,1,1,2,3,3,1,2,2,3,3,17,5.7
"P076",0,0,1,0,0,0,1,1,0,1,0,0,1,1,0,0,3,8.6
"P077",0,0,0,0,0,0,0,0,0,0,1,0,0,0,0,0,0,8.1
"P078",1,0,1,0,0,0,1,0,0,2,1,2,1,2,2,3,3,7.3
"P079",1,1,2,0,0,0,1,0,0,0,2,1,1,0,0,0,5,7.7
"P080",0,0,0,0,0,0,0,0,0,0,0,0,1,0,1,0,0,8.1
"P081",0,0,0,0,0,1,0,1,0,0,0,0,0,0,0,0,2,8.1
"P082",1,0,1,1,0,0,0,1,0,0,0,1,0,0,0,0,4,7.6
"P083",0,0,0,0,0,0,0,0,0,0,0,1,0,0,1,0,0,8.8
"P084",1,1,1,0,0,0,1,0,0,2,2,0,1,0,0,0,4,8.5
"P085",1,2,1,2,0,1,3,1,1,0,2,2,0,1,1,1,12,6.8
"P086",1,2,3,1,0,1,2,1,0,3,3,2,2,2,3,2,11,6.4
"P087",0,2,0,0,1,1,0,1,1,1,1,1,1,2,1,0,6,6.8
"P088",0,0,0,1,0,0,1,0,0,0,0,1,0,0,0,0,2,7.7
"P089",0,0,1,0,0,0,1,1,0,1,2,0,1,0,1,1,3,6.7
"P090",0,0,1,0,0,0,0,0,0,0,0,0,0,0,0,0,1,8.3
"P091",1,2,1,1,0,1,0,0,0,0,1,1,1,0,0,0,6,6.3
"P092",1,0,0,1,1,0,1,0,1,0,0,0,0,0,0,0,5,9.2
"P093",1,1,3,3,2,1,2,3,1,1,0,2,0,1,1,1,17,4.6
"P094",1,2,0,2,2,1,2,2,1,0,2,1,1,2,0,1,13,6.8
"P095",1,0,0,0,0,0,0,0,0,3,1,3,1,2,1,2,1,7.1
"P096",2,1,1,0,0,1,1,0,2,1,0,1,1,0,1,3,8,7.4
"P097",0,0,1,0,1,0,0,0,0,0,1,0,1,1,0,0,2,7.4
"P098",1,2,2,2,1,1,1,1,0,0,0,0,1,1,1,1,11,NA
"P099",2,1,2,1,2,0,2,1,0,1,1,0,3,1,0,1,11,6.6
"P100",3,2,3,2,3,1,3,2,1,0,1,0,1,0,0,0,20,6.5
